backup_item_id,category,source_path,target_path,size_bytes,sha256_before,sha256_after,hash_match,included,excluded_reason,confidentiality_class,restore_required,restore_tested,status
BK-REPO-BUNDLE,git_repository_history,/Users/martinotten/wpno-rechtsprechung-db,/Users/martinotten/wpno-secure-case-ledgers/p0_backup_restore/backup/repo_20260712T180000Z_670e362a0b39.bundle,18324378,n/a(archiv),f485148ad941e3681c74183b2425f595c1eee547343785dec030e3af87f0b902,archiv_integritaet=bundle_verify_rc0,yes,,REPO_TEXT,yes,pending,CREATED
BK-REPO-TAR,git_repository_full_dir,/Users/martinotten/wpno-rechtsprechung-db,/Users/martinotten/wpno-secure-case-ledgers/p0_backup_restore/backup/repo_worktree_20260712T180000Z.tar.gz,279793182,n/a(archiv),54653e4d3da8bdd5db10e6e9547b3f1197e6c0d2dbbffc6233d1a02025801b02,archiv,yes,,REPO_PLUS_LOCAL_DB,yes,pending,CREATED
BK-TRESOR-002,offgit_tresor_file,/Users/martinotten/wpno-secure-case-ledgers/legacy_milchhof_readonly_test_001/DRIVE_MATERIALIZATION_SELECTION_DRY_RUN_DETAIL.csv,(im tresor_tar enthalten),41344,bb96c9954218fbd522200f431cbcc2b54618b8673a8f301dab655c6b85ba32d5,(via tar-restore-verifikation),pending,yes,,MANDATSNAH_OFFGIT,yes,pending,INVENTORIED
BK-TRESOR-003,offgit_tresor_file,/Users/martinotten/wpno-secure-case-ledgers/legacy_milchhof_readonly_test_001/DRIVE_METADATA_INVENTORY_DETAIL.csv,(im tresor_tar enthalten),63927,e6c6664d135af28f39c699d469959a9b4ccfbba1b122a803cba930afd5e42c32,(via tar-restore-verifikation),pending,yes,,MANDATSNAH_OFFGIT,yes,pending,INVENTORIED
BK-TRESOR-004,offgit_tresor_file,/Users/martinotten/wpno-secure-case-ledgers/legacy_milchhof_readonly_test_001/DRIVE_METADATA_INVENTORY_DETAIL.md,(im tresor_tar enthalten),201,15e6db04ae30936307eac2853d474fe235e36f43d1112267094098c63a20fbe6,(via tar-restore-verifikation),pending,yes,,MANDATSNAH_OFFGIT,yes,pending,INVENTORIED
BK-TRESOR-005,offgit_tresor_file,/Users/martinotten/wpno-secure-case-ledgers/legacy_milchhof_readonly_test_001/DRIVE_MILCHHOF_INTAKE_DETAIL.csv,(im tresor_tar enthalten),64978,2d8231b100969b3083053f52ee6e8633379840df2b75450b47eba3c31de7f532,(via tar-restore-verifikation),pending,yes,,MANDATSNAH_OFFGIT,yes,pending,INVENTORIED
BK-TRESOR-006,offgit_tresor_file,/Users/martinotten/wpno-secure-case-ledgers/legacy_milchhof_readonly_test_001/DRIVE_SELECTION_MATERIALIZATION_DETAIL.csv,(im tresor_tar enthalten),5567,85d2b230185b8efd3a81ff6f19f9823f1596bbd6aa00b290f2a8286ce6629401,(via tar-restore-verifikation),pending,yes,,MANDATSNAH_OFFGIT,yes,pending,INVENTORIED
BK-TRESOR-007,offgit_tresor_file,/Users/martinotten/wpno-secure-case-ledgers/legacy_milchhof_readonly_test_001/DRIVE_SELECTION_MATERIALIZATION_DETAIL.md,(im tresor_tar enthalten),165,8d95c712a15d5d43694adf50b49aa878b524e63fdf917462d9b6ccb1b896bf26,(via tar-restore-verifikation),pending,yes,,MANDATSNAH_OFFGIT,yes,pending,INVENTORIED
BK-TRESOR-008,offgit_tresor_file,/Users/martinotten/wpno-secure-case-ledgers/legacy_milchhof_readonly_test_001/FULL_OCR_DETAIL.csv,(im tresor_tar enthalten),2119,1f7f9f7c7bb04b7c7819da79edf8335477cf3710378c2cc8e8fc8ba3137465b0,(via tar-restore-verifikation),pending,yes,,MANDATSNAH_OFFGIT,yes,pending,INVENTORIED
BK-TRESOR-009,offgit_tresor_file,/Users/martinotten/wpno-secure-case-ledgers/legacy_milchhof_readonly_test_001/MATERIALIZED_FILE_CLASSIFICATION_DETAIL.csv,(im tresor_tar enthalten),5221,18d5df9dde453ecd231d19cbc45ceecd05d9c972a505a0a26b703d5ac1abbdc5,(via tar-restore-verifikation),pending,yes,,MANDATSNAH_OFFGIT,yes,pending,INVENTORIED
BK-TRESOR-010,offgit_tresor_file,/Users/martinotten/wpno-secure-case-ledgers/legacy_milchhof_readonly_test_001/MATERIALIZED_FILE_CLASSIFICATION_DETAIL.md,(im tresor_tar enthalten),188,b652416deb8de3532d3bec7f6a8d6abfd33968ea39fc0d46ef60323d2181e4d2,(via tar-restore-verifikation),pending,yes,,MANDATSNAH_OFFGIT,yes,pending,INVENTORIED
BK-TRESOR-011,offgit_tresor_file,/Users/martinotten/wpno-secure-case-ledgers/legacy_milchhof_readonly_test_001/OCR_PILOT_DETAIL.csv,(im tresor_tar enthalten),520,184f20d2e3cf01481186fdd54562a660cdf416fb7f476c962d5f65b666678ad3,(via tar-restore-verifikation),pending,yes,,MANDATSNAH_OFFGIT,yes,pending,INVENTORIED
BK-TRESOR-012,offgit_tresor_file,/Users/martinotten/wpno-secure-case-ledgers/legacy_milchhof_readonly_test_001/P0_F1_OCR_CAP_DEDUP_DETAIL.csv,(im tresor_tar enthalten),4176,661f5c85ede4de151b1a0c69ad3844f46f2661afd4e0af00f3b70da5aaf4d9bd,(via tar-restore-verifikation),pending,yes,,MANDATSNAH_OFFGIT,yes,pending,INVENTORIED
BK-TRESOR-013,offgit_tresor_file,/Users/martinotten/wpno-secure-case-ledgers/legacy_milchhof_readonly_test_001/PLAN_MASKING_MAP.csv,(im tresor_tar enthalten),2335,ba2940d5f61a09e1d81004320a468802e340d78429be77d99cde46dc96cb05f6,(via tar-restore-verifikation),pending,yes,,MANDATSNAH_OFFGIT,yes,pending,INVENTORIED
BK-TRESOR-014,offgit_tresor_file,/Users/martinotten/wpno-secure-case-ledgers/legacy_milchhof_readonly_test_001/materialized/10Nl6jrsdG_8yi7fciwaPtlQ70AKt0ykl.pdf,(im tresor_tar enthalten),542233,a76929430f1d8eeb8ce4a34cb6f75c8a27422b6956a069c997551d00b084d3e9,(via tar-restore-verifikation),pending,yes,,MANDATSNAH_OFFGIT,yes,pending,INVENTORIED
BK-TRESOR-015,offgit_tresor_file,/Users/martinotten/wpno-secure-case-ledgers/legacy_milchhof_readonly_test_001/materialized/12vLrIj-BKIc2EXa7T6BfDCPIIiOY7GFC.pdf,(im tresor_tar enthalten),271201,83e64a8d11dcc7c7d8d9e2a558db950be9849048654ab9c9a49217c38025597e,(via tar-restore-verifikation),pending,yes,,MANDATSNAH_OFFGIT,yes,pending,INVENTORIED
BK-TRESOR-016,offgit_tresor_file,/Users/martinotten/wpno-secure-case-ledgers/legacy_milchhof_readonly_test_001/materialized/13w5v11sQuf3gdTFzg8R00W5j12wAlLbk.pdf,(im tresor_tar enthalten),1925710,2375f2eb3a4321e78ef93b95372298f07e21765cea44b2b39495406b6e216480,(via tar-restore-verifikation),pending,yes,,MANDATSNAH_OFFGIT,yes,pending,INVENTORIED
BK-TRESOR-017,offgit_tresor_file,/Users/martinotten/wpno-secure-case-ledgers/legacy_milchhof_readonly_test_001/materialized/1477bJsoq-pEdh_3H1IeT_qd0oEOTVg_P.pdf,(im tresor_tar enthalten),1033438,70ed2b08ad4efdabd24fcc47d0b5abd69f7d8b790a342b245bf06ac850cd3337,(via tar-restore-verifikation),pending,yes,,MANDATSNAH_OFFGIT,yes,pending,INVENTORIED
BK-TRESOR-018,offgit_tresor_file,/Users/martinotten/wpno-secure-case-ledgers/legacy_milchhof_readonly_test_001/materialized/14MtH7LKhdLFiJdWZj42jWYZQYNS3Py-L.pdf,(im tresor_tar enthalten),1581845,00c85971cdead892d8ee7dc8c320de440b69eaa49d561dffc4c5e6e5900a884e,(via tar-restore-verifikation),pending,yes,,MANDATSNAH_OFFGIT,yes,pending,INVENTORIED
BK-TRESOR-019,offgit_tresor_file,/Users/martinotten/wpno-secure-case-ledgers/legacy_milchhof_readonly_test_001/materialized/17SfO6YPK3las3N6Q-xvGcrY2XhEyoGmw.pdf,(im tresor_tar enthalten),1614734,10fad6f382283e3dec1bae3003d76561d8b49edf014aedf3796e6fbeaef2d661,(via tar-restore-verifikation),pending,yes,,MANDATSNAH_OFFGIT,yes,pending,INVENTORIED
BK-TRESOR-020,offgit_tresor_file,/Users/martinotten/wpno-secure-case-ledgers/legacy_milchhof_readonly_test_001/materialized/1AH3Kg59B_i_HZR1zi4nZdBs5M4SHqcPZ.pdf,(im tresor_tar enthalten),309701,928e7eb0ad04c13a4eb41e821eec550bd0885419ad19c3642ff985f22caaf08e,(via tar-restore-verifikation),pending,yes,,MANDATSNAH_OFFGIT,yes,pending,INVENTORIED
BK-TRESOR-021,offgit_tresor_file,/Users/martinotten/wpno-secure-case-ledgers/legacy_milchhof_readonly_test_001/materialized/1BgZaY0UKJzK4_agsOQan_-hlOuXnWbct.pdf,(im tresor_tar enthalten),684187,4ddb2a03540cb51de741b66dc0e4d39d4d80d74981ce6c679827e08a3e609036,(via tar-restore-verifikation),pending,yes,,MANDATSNAH_OFFGIT,yes,pending,INVENTORIED
BK-TRESOR-022,offgit_tresor_file,/Users/martinotten/wpno-secure-case-ledgers/legacy_milchhof_readonly_test_001/materialized/1CWtNJsd0NwKNfWr3ulRLt_c21-vRPR58.xlsx,(im tresor_tar enthalten),29809,5ed8bdb7b39f47e86e6ad46a6710337d2c2622a8690a130a4ff9f004a317febb,(via tar-restore-verifikation),pending,yes,,MANDATSNAH_OFFGIT,yes,pending,INVENTORIED
BK-TRESOR-023,offgit_tresor_file,/Users/martinotten/wpno-secure-case-ledgers/legacy_milchhof_readonly_test_001/materialized/1DUOW57rhHuNp8iWIZp_G4DI0_I1Q3MaM.pdf,(im tresor_tar enthalten),1617768,eae7140b10a54922ab1c5f28b05989325da0696e5cb091b4bbce9a8506d10a40,(via tar-restore-verifikation),pending,yes,,MANDATSNAH_OFFGIT,yes,pending,INVENTORIED
BK-TRESOR-024,offgit_tresor_file,/Users/martinotten/wpno-secure-case-ledgers/legacy_milchhof_readonly_test_001/materialized/1Ebrryf9oFLf7sA5kI8gX3jchla49p9VR.pdf,(im tresor_tar enthalten),549869,a1ceb7e57e240a81e552249bbc47c5186457d1c011caca42c4626a8b0f0656f4,(via tar-restore-verifikation),pending,yes,,MANDATSNAH_OFFGIT,yes,pending,INVENTORIED
BK-TRESOR-025,offgit_tresor_file,/Users/martinotten/wpno-secure-case-ledgers/legacy_milchhof_readonly_test_001/materialized/1FMGh9ahEcmdjzBrizZcWAuwyfee3uSN0.pdf,(im tresor_tar enthalten),428830,7732a9c9986900c4f131ae35c56416c8fcc378c4309dc411b0265ba08a12ab79,(via tar-restore-verifikation),pending,yes,,MANDATSNAH_OFFGIT,yes,pending,INVENTORIED
BK-TRESOR-026,offgit_tresor_file,/Users/martinotten/wpno-secure-case-ledgers/legacy_milchhof_readonly_test_001/materialized/1TJpWRsc0HCO2jpqic_NzUaKoW51ZHCTh.pdf,(im tresor_tar enthalten),574974,d934165b2921489165d5c4f0445f0a90f1b0d7ffd60c2428e506c777b5fde433,(via tar-restore-verifikation),pending,yes,,MANDATSNAH_OFFGIT,yes,pending,INVENTORIED
BK-TRESOR-027,offgit_tresor_file,/Users/martinotten/wpno-secure-case-ledgers/legacy_milchhof_readonly_test_001/materialized/1V7WfuWmXIa3fm8Yiy6tvsBCaiZ8TpZ2l.xlsx,(im tresor_tar enthalten),24059,cae8ee25a1f63c800aeb0741b0036b772612c72251543903a533b3ee4e58f7b2,(via tar-restore-verifikation),pending,yes,,MANDATSNAH_OFFGIT,yes,pending,INVENTORIED
BK-TRESOR-028,offgit_tresor_file,/Users/martinotten/wpno-secure-case-ledgers/legacy_milchhof_readonly_test_001/materialized/1WdqKyD9v0VQA1iFjLKEgSpgY0cBy-Eyb.pdf,(im tresor_tar enthalten),549718,86d4e1fe0e06e1aadea545d17f05d7812430879b1612bd025bf39e72aa3d9de8,(via tar-restore-verifikation),pending,yes,,MANDATSNAH_OFFGIT,yes,pending,INVENTORIED
BK-TRESOR-029,offgit_tresor_file,/Users/martinotten/wpno-secure-case-ledgers/legacy_milchhof_readonly_test_001/materialized/1WgjGkStzvR9orrGq-wF2WyivktHk77x-.pdf,(im tresor_tar enthalten),1581845,00c85971cdead892d8ee7dc8c320de440b69eaa49d561dffc4c5e6e5900a884e,(via tar-restore-verifikation),pending,yes,,MANDATSNAH_OFFGIT,yes,pending,INVENTORIED
BK-TRESOR-030,offgit_tresor_file,/Users/martinotten/wpno-secure-case-ledgers/legacy_milchhof_readonly_test_001/materialized/1_Bgi2HgQ5CvlaOY3AeVOCTTf6tVZZCX3.pdf,(im tresor_tar enthalten),274907,e1d580232b6f968b129d7a5b0ea4f8d02fdc5bdb996573efa55b01925fd52961,(via tar-restore-verifikation),pending,yes,,MANDATSNAH_OFFGIT,yes,pending,INVENTORIED
BK-TRESOR-031,offgit_tresor_file,/Users/martinotten/wpno-secure-case-ledgers/legacy_milchhof_readonly_test_001/materialized/1eMqnqhGmZB3DJe5wxqg-OYJ1UkuWRzyl.pdf,(im tresor_tar enthalten),4425850,550641761b6d318b4f4879cad886d148102ec01242784408baaecb69a2c9a9f5,(via tar-restore-verifikation),pending,yes,,MANDATSNAH_OFFGIT,yes,pending,INVENTORIED
BK-TRESOR-032,offgit_tresor_file,/Users/martinotten/wpno-secure-case-ledgers/legacy_milchhof_readonly_test_001/materialized/1nTJJp8HUGBV86O1VA31CyD9CBxLzqJrN.zip,(im tresor_tar enthalten),145012,ab42b8fd7a314f22a9b28152396ec4ba2afa192749e68ab72a3a0dd2fa7a439a,(via tar-restore-verifikation),pending,yes,,MANDATSNAH_OFFGIT,yes,pending,INVENTORIED
BK-TRESOR-033,offgit_tresor_file,/Users/martinotten/wpno-secure-case-ledgers/legacy_milchhof_readonly_test_001/materialized/1nVEVTnGuXbnoDv1EfY1frFhiRcoY0qLh.pdf,(im tresor_tar enthalten),1915456,3200b0ba63e2280caaa47630f7f1ace647abb3559b3b472392404e0bed5fc5dc,(via tar-restore-verifikation),pending,yes,,MANDATSNAH_OFFGIT,yes,pending,INVENTORIED
BK-TRESOR-034,offgit_tresor_file,/Users/martinotten/wpno-secure-case-ledgers/legacy_milchhof_readonly_test_001/materialized/1pHQt3o4xeJmSnYrfWssJVnmEC5C3CSf8.pdf,(im tresor_tar enthalten),429474,135da6163d92368a29669aa1e08c2ea79673e1c8eb78c1278d56d5eedf11614e,(via tar-restore-verifikation),pending,yes,,MANDATSNAH_OFFGIT,yes,pending,INVENTORIED
BK-TRESOR-035,offgit_tresor_file,/Users/martinotten/wpno-secure-case-ledgers/legacy_milchhof_readonly_test_001/materialized/1pcBL4eR4uqHX0afVkVMnARFvqyBoGqW6.pdf,(im tresor_tar enthalten),1033438,70ed2b08ad4efdabd24fcc47d0b5abd69f7d8b790a342b245bf06ac850cd3337,(via tar-restore-verifikation),pending,yes,,MANDATSNAH_OFFGIT,yes,pending,INVENTORIED
BK-TRESOR-036,offgit_tresor_file,/Users/martinotten/wpno-secure-case-ledgers/legacy_milchhof_readonly_test_001/materialized/1pftTizQTELzR56FZrxhLvIiMFnxPxkJy.docx,(im tresor_tar enthalten),16930,1e60481ba9f763c5e7a7d1fff6b5dc318ab6bdb714e5b97e568cea0c30c744ac,(via tar-restore-verifikation),pending,yes,,MANDATSNAH_OFFGIT,yes,pending,INVENTORIED
BK-TRESOR-037,offgit_tresor_file,/Users/martinotten/wpno-secure-case-ledgers/legacy_milchhof_readonly_test_001/materialized/1pidLcPqwG6VF-qV_V-OauceejekuYHAn.pdf,(im tresor_tar enthalten),4425850,550641761b6d318b4f4879cad886d148102ec01242784408baaecb69a2c9a9f5,(via tar-restore-verifikation),pending,yes,,MANDATSNAH_OFFGIT,yes,pending,INVENTORIED
BK-TRESOR-038,offgit_tresor_file,/Users/martinotten/wpno-secure-case-ledgers/legacy_milchhof_readonly_test_001/materialized/1soC8_XjqGAuurlu7ZSDoO-9Vi3KOHaLd.pdf,(im tresor_tar enthalten),957235,27412b83744e199f05be340362d1080880ea06a9f3810684858410085752b8d7,(via tar-restore-verifikation),pending,yes,,MANDATSNAH_OFFGIT,yes,pending,INVENTORIED
BK-TRESOR-039,offgit_tresor_file,/Users/martinotten/wpno-secure-case-ledgers/legacy_milchhof_readonly_test_001/materialized/1tICuxQgHru_04swdQ-OxiM3UZ2ESEhUb.pdf,(im tresor_tar enthalten),240961,e06e404efb935d2ecfe6e7fef79393ad303f80538eec7f7d2120c3c6b69a8456,(via tar-restore-verifikation),pending,yes,,MANDATSNAH_OFFGIT,yes,pending,INVENTORIED
BK-TRESOR-040,offgit_tresor_file,/Users/martinotten/wpno-secure-case-ledgers/legacy_milchhof_readonly_test_001/materialized/1w6RssA0bE2KXGr9KEfWEc-a_BgjmWJTZ.pdf,(im tresor_tar enthalten),1581845,00c85971cdead892d8ee7dc8c320de440b69eaa49d561dffc4c5e6e5900a884e,(via tar-restore-verifikation),pending,yes,,MANDATSNAH_OFFGIT,yes,pending,INVENTORIED
BK-TRESOR-041,offgit_tresor_file,/Users/martinotten/wpno-secure-case-ledgers/legacy_milchhof_readonly_test_001/materialized/1z2Sv35ac5lifppXGec5XE7yc1mkCBFgr.pdf,(im tresor_tar enthalten),252684,211331f31e116ac14cbd45d0b7114391f4c04501235ae38d28e60f856e1077f3,(via tar-restore-verifikation),pending,yes,,MANDATSNAH_OFFGIT,yes,pending,INVENTORIED
BK-TRESOR-042,offgit_tresor_file,/Users/martinotten/wpno-secure-case-ledgers/legacy_milchhof_readonly_test_001/materialized/1zj3arl5ix5Qud_DRguXZMxDrXQF70C4W.pdf,(im tresor_tar enthalten),684187,4ddb2a03540cb51de741b66dc0e4d39d4d80d74981ce6c679827e08a3e609036,(via tar-restore-verifikation),pending,yes,,MANDATSNAH_OFFGIT,yes,pending,INVENTORIED
BK-TRESOR-043,offgit_tresor_file,/Users/martinotten/wpno-secure-case-ledgers/legacy_milchhof_readonly_test_001/materialized/_over10_ids.txt,(im tresor_tar enthalten),0,e3b0c44298fc1c149afbf4c8996fb92427ae41e4649b934ca495991b7852b855,(via tar-restore-verifikation),pending,yes,,MANDATSNAH_OFFGIT,yes,pending,INVENTORIED
BK-TRESOR-044,offgit_tresor_file,/Users/martinotten/wpno-secure-case-ledgers/legacy_milchhof_readonly_test_001/materialized/_pilot_worklist.csv,(im tresor_tar enthalten),1870,c191b5175725cede13c98aced2b79fe5a3b59e10e900aee2cd3551fc94106759,(via tar-restore-verifikation),pending,yes,,MANDATSNAH_OFFGIT,yes,pending,INVENTORIED
BK-TRESOR-045,offgit_tresor_file,/Users/martinotten/wpno-secure-case-ledgers/legacy_milchhof_readonly_test_001/materialized/_remaining_ids.txt,(im tresor_tar enthalten),917,05ab54991834ca684ac40bc2bd04195aab2b36ddab62bfe382fff26303b60ea8,(via tar-restore-verifikation),pending,yes,,MANDATSNAH_OFFGIT,yes,pending,INVENTORIED
BK-TRESOR-046,offgit_tresor_file,/Users/martinotten/wpno-secure-case-ledgers/legacy_milchhof_readonly_test_001/materialized/_todo_ids.txt,(im tresor_tar enthalten),883,c48724c08635319315f720cb4ec0b31a54a62ffc598cd87542421b203c19ac08,(via tar-restore-verifikation),pending,yes,,MANDATSNAH_OFFGIT,yes,pending,INVENTORIED
BK-TRESOR-047,offgit_tresor_file,/Users/martinotten/wpno-secure-case-ledgers/legacy_milchhof_readonly_test_001/ocr_full/PDF_002.txt,(im tresor_tar enthalten),1213,8f321dce3a0a33db0af9256cf8e1a3006740b8b8c71a47ab2f60a1d1462e20e2,(via tar-restore-verifikation),pending,yes,,MANDATSNAH_OFFGIT,yes,pending,INVENTORIED
BK-TRESOR-048,offgit_tresor_file,/Users/martinotten/wpno-secure-case-ledgers/legacy_milchhof_readonly_test_001/ocr_full/PDF_003.txt,(im tresor_tar enthalten),14535,1f57a7af08c08f21318f14e6eec1aa9073f5d59768a8745661dcdfefbaebbdbf,(via tar-restore-verifikation),pending,yes,,MANDATSNAH_OFFGIT,yes,pending,INVENTORIED
BK-TRESOR-049,offgit_tresor_file,/Users/martinotten/wpno-secure-case-ledgers/legacy_milchhof_readonly_test_001/ocr_full/PDF_005.txt,(im tresor_tar enthalten),26219,994f1b6fb4ed010a43c5233e99b4b1620c42b740aa1347de6778905cd5237cff,(via tar-restore-verifikation),pending,yes,,MANDATSNAH_OFFGIT,yes,pending,INVENTORIED
BK-TRESOR-050,offgit_tresor_file,/Users/martinotten/wpno-secure-case-ledgers/legacy_milchhof_readonly_test_001/ocr_full/PDF_006.txt,(im tresor_tar enthalten),49199,f885f38b792e485f5840db884fcbd565502bbd275df096d4e6af3ff3adc8cc5b,(via tar-restore-verifikation),pending,yes,,MANDATSNAH_OFFGIT,yes,pending,INVENTORIED
BK-TRESOR-051,offgit_tresor_file,/Users/martinotten/wpno-secure-case-ledgers/legacy_milchhof_readonly_test_001/ocr_full/PDF_008.txt,(im tresor_tar enthalten),44778,1adce23559e06e344a47cb9061b67bb733233080726313fe3e5a119d6cc22bf0,(via tar-restore-verifikation),pending,yes,,MANDATSNAH_OFFGIT,yes,pending,INVENTORIED
BK-TRESOR-052,offgit_tresor_file,/Users/martinotten/wpno-secure-case-ledgers/legacy_milchhof_readonly_test_001/ocr_full/PDF_012.txt,(im tresor_tar enthalten),10786,23b903ad58451a02e1c0efefd2d460af8c3bdcbe62e4a4f7e309757a574266e1,(via tar-restore-verifikation),pending,yes,,MANDATSNAH_OFFGIT,yes,pending,INVENTORIED
BK-TRESOR-053,offgit_tresor_file,/Users/martinotten/wpno-secure-case-ledgers/legacy_milchhof_readonly_test_001/ocr_full/PDF_015.txt,(im tresor_tar enthalten),1213,8f321dce3a0a33db0af9256cf8e1a3006740b8b8c71a47ab2f60a1d1462e20e2,(via tar-restore-verifikation),pending,yes,,MANDATSNAH_OFFGIT,yes,pending,INVENTORIED
BK-TRESOR-054,offgit_tresor_file,/Users/martinotten/wpno-secure-case-ledgers/legacy_milchhof_readonly_test_001/ocr_full/PDF_017.txt,(im tresor_tar enthalten),29932,e4553c2e2ddf87541b00888e235f41a9c6f6ff36d68951185c7c186dcdf9d654,(via tar-restore-verifikation),pending,yes,,MANDATSNAH_OFFGIT,yes,pending,INVENTORIED
BK-TRESOR-055,offgit_tresor_file,/Users/martinotten/wpno-secure-case-ledgers/legacy_milchhof_readonly_test_001/ocr_full/PDF_021.txt,(im tresor_tar enthalten),6143,3015a447d0d142c83c1994c44f01768a7c4d9572305dda55757f98f8cac35dc5,(via tar-restore-verifikation),pending,yes,,MANDATSNAH_OFFGIT,yes,pending,INVENTORIED
BK-TRESOR-056,offgit_tresor_file,/Users/martinotten/wpno-secure-case-ledgers/legacy_milchhof_readonly_test_001/ocr_pilot/PDF_004.txt,(im tresor_tar enthalten),21043,1f3f06c721698def2ca25a2d97ce55f9e40b00e857ca94bf6d6e96be4d13dd09,(via tar-restore-verifikation),pending,yes,,MANDATSNAH_OFFGIT,yes,pending,INVENTORIED
BK-TRESOR-057,offgit_tresor_file,/Users/martinotten/wpno-secure-case-ledgers/legacy_milchhof_readonly_test_001/ocr_pilot/PDF_009.txt,(im tresor_tar enthalten),49199,f885f38b792e485f5840db884fcbd565502bbd275df096d4e6af3ff3adc8cc5b,(via tar-restore-verifikation),pending,yes,,MANDATSNAH_OFFGIT,yes,pending,INVENTORIED
BK-TRESOR-058,offgit_tresor_file,/Users/martinotten/wpno-secure-case-ledgers/legacy_milchhof_readonly_test_001/ocr_pilot/PDF_016.txt,(im tresor_tar enthalten),8593,8dbce655edd2bd11a3efe82cc05f71f8d7a68cc30cb61167843108d2ac51a4dc,(via tar-restore-verifikation),pending,yes,,MANDATSNAH_OFFGIT,yes,pending,INVENTORIED
BK-TRESOR-059,offgit_tresor_file,/Users/martinotten/wpno-secure-case-ledgers/legacy_milchhof_readonly_test_001/ocr_pilot/PDF_018.txt,(im tresor_tar enthalten),347,00198e440a54914a6cf0bedb00b95af9c28e06b84f73bf044b92ba659b54049f,(via tar-restore-verifikation),pending,yes,,MANDATSNAH_OFFGIT,yes,pending,INVENTORIED
BK-TRESOR-060,offgit_tresor_file,/Users/martinotten/wpno-secure-case-ledgers/legacy_milchhof_readonly_test_001/ocr_pilot/PDF_024.txt,(im tresor_tar enthalten),8439,edb9b670f3361dc647c81fadbc926ee32e2087471faf12b4cb4292d973c6a32f,(via tar-restore-verifikation),pending,yes,,MANDATSNAH_OFFGIT,yes,pending,INVENTORIED
BK-TRESOR-061,offgit_tresor_file,/Users/martinotten/wpno-secure-case-ledgers/legacy_milchhof_readonly_test_001/raw/page_00.json,(im tresor_tar enthalten),1421,af314f80f92cf7a1888e745d1228d748bffde11e079e000e6413ad2d19b0fa63,(via tar-restore-verifikation),pending,yes,,MANDATSNAH_OFFGIT,yes,pending,INVENTORIED
BK-TRESOR-062,offgit_tresor_file,/Users/martinotten/wpno-secure-case-ledgers/legacy_milchhof_readonly_test_001/raw/page_01.json,(im tresor_tar enthalten),53633,4bb1100e055c89457cac50ba5c606dc0735a90f2058ba681ef56a2c49c41ec98,(via tar-restore-verifikation),pending,yes,,MANDATSNAH_OFFGIT,yes,pending,INVENTORIED
BK-TRESOR-063,offgit_tresor_file,/Users/martinotten/wpno-secure-case-ledgers/legacy_milchhof_readonly_test_001/raw/page_02.json,(im tresor_tar enthalten),53176,9b83d40858793d5de60f2b5916e0510e7abfbcddbf478b3e14803a1df281506f,(via tar-restore-verifikation),pending,yes,,MANDATSNAH_OFFGIT,yes,pending,INVENTORIED
BK-TRESOR-064,offgit_tresor_file,/Users/martinotten/wpno-secure-case-ledgers/legacy_milchhof_readonly_test_001/raw/page_03.json,(im tresor_tar enthalten),16282,dcdb441d5b328737645ca227ec9b27b1e0d003774f54cd661fa0b603b2224903,(via tar-restore-verifikation),pending,yes,,MANDATSNAH_OFFGIT,yes,pending,INVENTORIED
BK-TRESOR-065,offgit_tresor_file,/Users/martinotten/wpno-secure-case-ledgers/p0_confidential_literal_redaction/CONFIDENTIAL_LITERAL_BLOCKLIST.json,(im tresor_tar enthalten),379,d0ce3fe9e104bfef108efb8b615141808d95a3f6ce1cb15d4dd949031a866767,(via tar-restore-verifikation),pending,yes,,MANDATSNAH_OFFGIT,yes,pending,INVENTORIED
BK-TRESOR-066,offgit_tresor_file,/Users/martinotten/wpno-secure-case-ledgers/p0_confidential_literal_redaction/CONFIDENTIAL_LITERAL_MAP.csv,(im tresor_tar enthalten),745,91a1028da5f3200903ce15111553f22c1ea1da7e678b85d9c28de5459fbe940d,(via tar-restore-verifikation),pending,yes,,MANDATSNAH_OFFGIT,yes,pending,INVENTORIED
BK-TRESOR-067,offgit_tresor_file,/Users/martinotten/wpno-secure-case-ledgers/p0_evidence_freeze/OFFICIAL_TMP_PRESERVATION_DETAIL.csv,(im tresor_tar enthalten),6367,ec0774506911a793839602cdfab5b09252cc9214c57ade6c4c9f858645394cc4,(via tar-restore-verifikation),pending,yes,,MANDATSNAH_OFFGIT,yes,pending,INVENTORIED
BK-TRESOR-068,offgit_tresor_file,/Users/martinotten/wpno-secure-case-ledgers/p0_evidence_freeze/P0_EVIDENCE_FREEZE_DETAIL.csv,(im tresor_tar enthalten),4009,1a5641deecf2e2b2e097a2aaf520e4371aca3c6d48984d00c961bd06111d879f,(via tar-restore-verifikation),pending,yes,,MANDATSNAH_OFFGIT,yes,pending,INVENTORIED
BK-TRESOR-069,offgit_tresor_file,/Users/martinotten/wpno-secure-case-ledgers/p0_evidence_freeze/official_primary_preserved/?__BGH_II_ZR_296_08_20100920.pdf,(im tresor_tar enthalten),160917,dba783ff41795d3909bf559ee4481ca4921dcb9b101b45c1fdd6027792eff877,(via tar-restore-verifikation),pending,yes,,MANDATSNAH_OFFGIT,yes,pending,INVENTORIED
BK-TRESOR-070,offgit_tresor_file,/Users/martinotten/wpno-secure-case-ledgers/p0_evidence_freeze/official_primary_preserved/?__BGH_IX_ZR_133_14_20150305.pdf,(im tresor_tar enthalten),192538,ba222db3d6c4360899a48c81775c5f57505dfda884224dbc3227f47f2bb75259,(via tar-restore-verifikation),pending,yes,,MANDATSNAH_OFFGIT,yes,pending,INVENTORIED
BK-TRESOR-071,offgit_tresor_file,/Users/martinotten/wpno-secure-case-ledgers/p0_evidence_freeze/official_primary_preserved/?__BGH_IX_ZR_143_17_20181206.pdf,(im tresor_tar enthalten),183122,fa7cb6c56e834b1d2479c90a62f4637dee4ed773ed57b66db4abb3d31dc1260b,(via tar-restore-verifikation),pending,yes,,MANDATSNAH_OFFGIT,yes,pending,INVENTORIED
BK-TRESOR-072,offgit_tresor_file,/Users/martinotten/wpno-secure-case-ledgers/p0_evidence_freeze/official_primary_preserved/?__BGH_IX_ZR_232_12_20130919.pdf,(im tresor_tar enthalten),119855,edad88fb1f76a98300e4dedfd3619ac3a7a0bc501109f1d3eb12879406174602,(via tar-restore-verifikation),pending,yes,,MANDATSNAH_OFFGIT,yes,pending,INVENTORIED
BK-TRESOR-073,offgit_tresor_file,/Users/martinotten/wpno-secure-case-ledgers/p0_evidence_freeze/official_primary_preserved/?__BGH_IX_ZR_93_11_20131205.pdf,(im tresor_tar enthalten),132487,2a49148f7c317b04734011e63436b3d5fc17cf1e1903d6a3dec01c08e32e5248,(via tar-restore-verifikation),pending,yes,,MANDATSNAH_OFFGIT,yes,pending,INVENTORIED
BK-TRESOR-074,offgit_tresor_file,/Users/martinotten/wpno-secure-case-ledgers/p0_evidence_freeze/official_primary_preserved/?__BGH_IX_ZR_9_10_20110519.pdf,(im tresor_tar enthalten),123511,403b54f079c4868110eeb14663d367cb7f4566b57deb2282454f65d8591e4120,(via tar-restore-verifikation),pending,yes,,MANDATSNAH_OFFGIT,yes,pending,INVENTORIED
BK-TRESOR-075,offgit_tresor_file,/Users/martinotten/wpno-secure-case-ledgers/p0_evidence_freeze/official_primary_preserved/?__II_ZR_112-21.pdf,(im tresor_tar enthalten),173557,2e3f08881c8c219a731407da50067af06681c8e9c4e4180fc35f3b114fa62de2,(via tar-restore-verifikation),pending,yes,,MANDATSNAH_OFFGIT,yes,pending,INVENTORIED
BK-TRESOR-076,offgit_tresor_file,/Users/martinotten/wpno-secure-case-ledgers/p0_evidence_freeze/official_primary_preserved/?__II_ZR_84-20.pdf,(im tresor_tar enthalten),325468,b075c3993a1ede7cb47bf21df9e1d003b222d390e55ebbb63a120081120cb154,(via tar-restore-verifikation),pending,yes,,MANDATSNAH_OFFGIT,yes,pending,INVENTORIED
BK-TRESOR-077,offgit_tresor_file,/Users/martinotten/wpno-secure-case-ledgers/p0_evidence_freeze/official_primary_preserved/?__II_ZR_88-16.pdf,(im tresor_tar enthalten),208222,77f0e8e8b9be3fd09305f393befc515b4bcb262310ceb5313dc1613b0fb46732,(via tar-restore-verifikation),pending,yes,,MANDATSNAH_OFFGIT,yes,pending,INVENTORIED
BK-TRESOR-078,offgit_tresor_file,/Users/martinotten/wpno-secure-case-ledgers/p0_evidence_freeze/official_primary_preserved/?__IX_ZB_36-07.pdf,(im tresor_tar enthalten),105141,18036e5148069fe6dc3f1e1a38b00cd9ae3bcb685ea465b7209d0e1950c7c79f,(via tar-restore-verifikation),pending,yes,,MANDATSNAH_OFFGIT,yes,pending,INVENTORIED
BK-TRESOR-079,offgit_tresor_file,/Users/martinotten/wpno-secure-case-ledgers/p0_evidence_freeze/official_primary_preserved/?__IX_ZB_7-08.pdf,(im tresor_tar enthalten),77570,ab218b6ea56f698998ca5e61ec062c50b54e2185e05c08e79d42520456d0238b,(via tar-restore-verifikation),pending,yes,,MANDATSNAH_OFFGIT,yes,pending,INVENTORIED
BK-TRESOR-080,offgit_tresor_file,/Users/martinotten/wpno-secure-case-ledgers/p0_evidence_freeze/official_primary_preserved/?__IX_ZR_149-14.pdf,(im tresor_tar enthalten),128714,49a53d41726617132dac5f6190574aaf892c73e0c2ab7b03686d7259c393484d,(via tar-restore-verifikation),pending,yes,,MANDATSNAH_OFFGIT,yes,pending,INVENTORIED
BK-TRESOR-081,offgit_tresor_file,/Users/martinotten/wpno-secure-case-ledgers/p0_evidence_freeze/official_primary_preserved/?__IX_ZR_3-12.pdf,(im tresor_tar enthalten),197457,fa7441330cde42affca7ce4e44fb3d26af5a2988cbb55f49198090241b43676b,(via tar-restore-verifikation),pending,yes,,MANDATSNAH_OFFGIT,yes,pending,INVENTORIED
BK-TRESOR-082,offgit_tresor_file,/Users/martinotten/wpno-secure-case-ledgers/p0_evidence_freeze/official_primary_preserved/?__IX_ZR_48-21.pdf,(im tresor_tar enthalten),226114,98ca11cf9c853a514001c76abad79cf60e149a77a7b440e1daf942cdbe725adb,(via tar-restore-verifikation),pending,yes,,MANDATSNAH_OFFGIT,yes,pending,INVENTORIED
BK-TRESOR-083,offgit_tresor_file,/Users/martinotten/wpno-secure-case-ledgers/p0_evidence_freeze/official_primary_preserved/?__IX_ZR_6-14.pdf,(im tresor_tar enthalten),104180,18136db48ef09adeef9fb028a9e6067d9a5932d4ea7218fbfa05e4c4d4eb1cbd,(via tar-restore-verifikation),pending,yes,,MANDATSNAH_OFFGIT,yes,pending,INVENTORIED
BK-TRESOR-084,offgit_tresor_file,/Users/martinotten/wpno-secure-case-ledgers/p0_evidence_freeze/official_tmp/?__BGH_II_ZR_296_08_20100920.pdf,(im tresor_tar enthalten),160917,dba783ff41795d3909bf559ee4481ca4921dcb9b101b45c1fdd6027792eff877,(via tar-restore-verifikation),pending,yes,,MANDATSNAH_OFFGIT,yes,pending,INVENTORIED
BK-TRESOR-085,offgit_tresor_file,/Users/martinotten/wpno-secure-case-ledgers/p0_evidence_freeze/official_tmp/?__BGH_IX_ZR_133_14_20150305.pdf,(im tresor_tar enthalten),192538,ba222db3d6c4360899a48c81775c5f57505dfda884224dbc3227f47f2bb75259,(via tar-restore-verifikation),pending,yes,,MANDATSNAH_OFFGIT,yes,pending,INVENTORIED
BK-TRESOR-086,offgit_tresor_file,/Users/martinotten/wpno-secure-case-ledgers/p0_evidence_freeze/official_tmp/?__BGH_IX_ZR_143_17_20181206.pdf,(im tresor_tar enthalten),183122,fa7cb6c56e834b1d2479c90a62f4637dee4ed773ed57b66db4abb3d31dc1260b,(via tar-restore-verifikation),pending,yes,,MANDATSNAH_OFFGIT,yes,pending,INVENTORIED
BK-TRESOR-087,offgit_tresor_file,/Users/martinotten/wpno-secure-case-ledgers/p0_evidence_freeze/official_tmp/?__BGH_IX_ZR_232_12_20130919.pdf,(im tresor_tar enthalten),119855,edad88fb1f76a98300e4dedfd3619ac3a7a0bc501109f1d3eb12879406174602,(via tar-restore-verifikation),pending,yes,,MANDATSNAH_OFFGIT,yes,pending,INVENTORIED
BK-TRESOR-088,offgit_tresor_file,/Users/martinotten/wpno-secure-case-ledgers/p0_evidence_freeze/official_tmp/?__BGH_IX_ZR_93_11_20131205.pdf,(im tresor_tar enthalten),132487,2a49148f7c317b04734011e63436b3d5fc17cf1e1903d6a3dec01c08e32e5248,(via tar-restore-verifikation),pending,yes,,MANDATSNAH_OFFGIT,yes,pending,INVENTORIED
BK-TRESOR-089,offgit_tresor_file,/Users/martinotten/wpno-secure-case-ledgers/p0_evidence_freeze/official_tmp/?__BGH_IX_ZR_9_10_20110519.pdf,(im tresor_tar enthalten),123511,403b54f079c4868110eeb14663d367cb7f4566b57deb2282454f65d8591e4120,(via tar-restore-verifikation),pending,yes,,MANDATSNAH_OFFGIT,yes,pending,INVENTORIED
BK-TRESOR-090,offgit_tresor_file,/Users/martinotten/wpno-secure-case-ledgers/p0_evidence_freeze/official_tmp/?__II_ZR_112-21.pdf,(im tresor_tar enthalten),173557,2e3f08881c8c219a731407da50067af06681c8e9c4e4180fc35f3b114fa62de2,(via tar-restore-verifikation),pending,yes,,MANDATSNAH_OFFGIT,yes,pending,INVENTORIED
BK-TRESOR-091,offgit_tresor_file,/Users/martinotten/wpno-secure-case-ledgers/p0_evidence_freeze/official_tmp/?__II_ZR_84-20.pdf,(im tresor_tar enthalten),325468,b075c3993a1ede7cb47bf21df9e1d003b222d390e55ebbb63a120081120cb154,(via tar-restore-verifikation),pending,yes,,MANDATSNAH_OFFGIT,yes,pending,INVENTORIED
BK-TRESOR-092,offgit_tresor_file,/Users/martinotten/wpno-secure-case-ledgers/p0_evidence_freeze/official_tmp/?__II_ZR_88-16.pdf,(im tresor_tar enthalten),208222,77f0e8e8b9be3fd09305f393befc515b4bcb262310ceb5313dc1613b0fb46732,(via tar-restore-verifikation),pending,yes,,MANDATSNAH_OFFGIT,yes,pending,INVENTORIED
BK-TRESOR-093,offgit_tresor_file,/Users/martinotten/wpno-secure-case-ledgers/p0_evidence_freeze/official_tmp/?__IX_ZB_36-07.pdf,(im tresor_tar enthalten),105141,18036e5148069fe6dc3f1e1a38b00cd9ae3bcb685ea465b7209d0e1950c7c79f,(via tar-restore-verifikation),pending,yes,,MANDATSNAH_OFFGIT,yes,pending,INVENTORIED
BK-TRESOR-094,offgit_tresor_file,/Users/martinotten/wpno-secure-case-ledgers/p0_evidence_freeze/official_tmp/?__IX_ZB_7-08.pdf,(im tresor_tar enthalten),77570,ab218b6ea56f698998ca5e61ec062c50b54e2185e05c08e79d42520456d0238b,(via tar-restore-verifikation),pending,yes,,MANDATSNAH_OFFGIT,yes,pending,INVENTORIED
BK-TRESOR-095,offgit_tresor_file,/Users/martinotten/wpno-secure-case-ledgers/p0_evidence_freeze/official_tmp/?__IX_ZR_149-14.pdf,(im tresor_tar enthalten),128714,49a53d41726617132dac5f6190574aaf892c73e0c2ab7b03686d7259c393484d,(via tar-restore-verifikation),pending,yes,,MANDATSNAH_OFFGIT,yes,pending,INVENTORIED
BK-TRESOR-096,offgit_tresor_file,/Users/martinotten/wpno-secure-case-ledgers/p0_evidence_freeze/official_tmp/?__IX_ZR_3-12.pdf,(im tresor_tar enthalten),197457,fa7441330cde42affca7ce4e44fb3d26af5a2988cbb55f49198090241b43676b,(via tar-restore-verifikation),pending,yes,,MANDATSNAH_OFFGIT,yes,pending,INVENTORIED
BK-TRESOR-097,offgit_tresor_file,/Users/martinotten/wpno-secure-case-ledgers/p0_evidence_freeze/official_tmp/?__IX_ZR_48-21.pdf,(im tresor_tar enthalten),226114,98ca11cf9c853a514001c76abad79cf60e149a77a7b440e1daf942cdbe725adb,(via tar-restore-verifikation),pending,yes,,MANDATSNAH_OFFGIT,yes,pending,INVENTORIED
BK-TRESOR-098,offgit_tresor_file,/Users/martinotten/wpno-secure-case-ledgers/p0_evidence_freeze/official_tmp/?__IX_ZR_6-14.pdf,(im tresor_tar enthalten),104180,18136db48ef09adeef9fb028a9e6067d9a5932d4ea7218fbfa05e4c4d4eb1cbd,(via tar-restore-verifikation),pending,yes,,MANDATSNAH_OFFGIT,yes,pending,INVENTORIED
BK-TRESOR-099,offgit_tresor_file,/Users/martinotten/wpno-secure-case-ledgers/s11_control_plane_p0/QC_EVIDENCE_FREEZE_MANIFEST.csv,(im tresor_tar enthalten),5007,ad3de17be96782b4082ef71b93512dd776bd9d3d8d6d596809d8c208952ded25,(via tar-restore-verifikation),pending,yes,,MANDATSNAH_OFFGIT,yes,pending,INVENTORIED
BK-TRESOR-100,offgit_tresor_file,/Users/martinotten/wpno-secure-case-ledgers/s11_control_plane_p0/QC_EVIDENCE_FREEZE_MANIFEST.json,(im tresor_tar enthalten),8899,a1c5907688b2d3297d32cf3db5be7460a78aa9fb1bcae86d6e7c305d361bcba9,(via tar-restore-verifikation),pending,yes,,MANDATSNAH_OFFGIT,yes,pending,INVENTORIED
BK-TRESOR-101,offgit_tresor_file,/Users/martinotten/wpno-secure-case-ledgers/s11_control_plane_p0/QC_EVIDENCE_FREEZE_MANIFEST.md,(im tresor_tar enthalten),249,1c55bf2cbe4026185c1d5e4c61d519e8fe8cedfc1f3e00cfb8ca8f4c7f0c799f,(via tar-restore-verifikation),pending,yes,,MANDATSNAH_OFFGIT,yes,pending,INVENTORIED
BK-TRESOR-102,offgit_tresor_file,/Users/martinotten/wpno-secure-case-ledgers/s11_control_plane_p0/frozen_qc_artifacts/reports__ACTIVE_REDTEAM_RUNS.csv,(im tresor_tar enthalten),13538,e2b88adcaef4cd45e6c642000e1727ba343cdea62e111888d7f18f4e8747be0e,(via tar-restore-verifikation),pending,yes,,MANDATSNAH_OFFGIT,yes,pending,INVENTORIED
BK-TRESOR-103,offgit_tresor_file,/Users/martinotten/wpno-secure-case-ledgers/s11_control_plane_p0/frozen_qc_artifacts/reports__S11_PS861_006D_ALLOWLIST_EVIDENCE_TRIBUNAL.csv,(im tresor_tar enthalten),972,b6ede9a3a44b6a53ee856cb6c65ac1725c07e71af7c5eddba88b8c6d4482296d,(via tar-restore-verifikation),pending,yes,,MANDATSNAH_OFFGIT,yes,pending,INVENTORIED
BK-TRESOR-104,offgit_tresor_file,/Users/martinotten/wpno-secure-case-ledgers/s11_control_plane_p0/frozen_qc_artifacts/reports__S11_PS861_006D_ALLOWLIST_EVIDENCE_TRIBUNAL.md,(im tresor_tar enthalten),602,48379d7c43b2b1392dd29895d41f0bfd32d6d033ed7bbb620419bcbb4ec5950a,(via tar-restore-verifikation),pending,yes,,MANDATSNAH_OFFGIT,yes,pending,INVENTORIED
BK-TRESOR-105,offgit_tresor_file,/Users/martinotten/wpno-secure-case-ledgers/s11_control_plane_p0/frozen_qc_artifacts/reports__S11_PS861_006D_ALLOWLIST_FINDING_RECONCILIATION.csv,(im tresor_tar enthalten),8986,71f81d95ace85c00685a18d69b550caa8e0dccc1e317ae7b28d5115129af085b,(via tar-restore-verifikation),pending,yes,,MANDATSNAH_OFFGIT,yes,pending,INVENTORIED
BK-TRESOR-106,offgit_tresor_file,/Users/martinotten/wpno-secure-case-ledgers/s11_control_plane_p0/frozen_qc_artifacts/reports__S11_PS861_006D_ALLOWLIST_NOVEL_ATTACKS.csv,(im tresor_tar enthalten),3452,e872431a7427cec4f09a1dcec38d02eedd07a4d4fc9773040498ad6d99c984b9,(via tar-restore-verifikation),pending,yes,,MANDATSNAH_OFFGIT,yes,pending,INVENTORIED
BK-TRESOR-107,offgit_tresor_file,/Users/martinotten/wpno-secure-case-ledgers/s11_control_plane_p0/frozen_qc_artifacts/reports__S11_PS861_006D_ALLOWLIST_NOVEL_ATTACKS.md,(im tresor_tar enthalten),552,418e0d203e301f8dd7c6d00df80bf7a59061730d24811f6f9a4485b1e28d9424,(via tar-restore-verifikation),pending,yes,,MANDATSNAH_OFFGIT,yes,pending,INVENTORIED
BK-TRESOR-108,offgit_tresor_file,/Users/martinotten/wpno-secure-case-ledgers/s11_control_plane_p0/frozen_qc_artifacts/reports__S11_PS861_006D_ALLOWLIST_RECHECK_BASELINE.csv,(im tresor_tar enthalten),743,dbf1a35702a11bcb45b1e28c5a832ea69e67455d862dc712f1e904799e40a9cd,(via tar-restore-verifikation),pending,yes,,MANDATSNAH_OFFGIT,yes,pending,INVENTORIED
BK-TRESOR-109,offgit_tresor_file,/Users/martinotten/wpno-secure-case-ledgers/s11_control_plane_p0/frozen_qc_artifacts/reports__S11_PS861_006D_ALLOWLIST_RECHECK_BASELINE.md,(im tresor_tar enthalten),1322,b80ff11ba5c053ddaa3025e98fb0a3236bbb79f51b50e45e3da51602b3b1ceb0,(via tar-restore-verifikation),pending,yes,,MANDATSNAH_OFFGIT,yes,pending,INVENTORIED
BK-TRESOR-110,offgit_tresor_file,/Users/martinotten/wpno-secure-case-ledgers/s11_control_plane_p0/frozen_qc_artifacts/reports__S11_PS861_006D_ALLOWLIST_RECHECK_DETERMINISTIC_FINDINGS.csv,(im tresor_tar enthalten),7690,329078f1687e9bba41f48123956e1269dfd722840b8854e5cfe7d79cee17e6aa,(via tar-restore-verifikation),pending,yes,,MANDATSNAH_OFFGIT,yes,pending,INVENTORIED
BK-TRESOR-111,offgit_tresor_file,/Users/martinotten/wpno-secure-case-ledgers/s11_control_plane_p0/frozen_qc_artifacts/reports__S11_PS861_006D_ALLOWLIST_RECHECK_L99_DECISION.csv,(im tresor_tar enthalten),2554,5466b9b4e9b7a83ce5a4b622bb2758e3cbc7a3182ce85f268d08a25a761d5238,(via tar-restore-verifikation),pending,yes,,MANDATSNAH_OFFGIT,yes,pending,INVENTORIED
BK-TRESOR-112,offgit_tresor_file,/Users/martinotten/wpno-secure-case-ledgers/s11_control_plane_p0/frozen_qc_artifacts/reports__S11_PS861_006D_ALLOWLIST_RECHECK_L99_DECISION.md,(im tresor_tar enthalten),2647,3f38b6fb6fbbb1a7e619373eccaf7def8a481bb557cfd27bb3db4ec09988f77f,(via tar-restore-verifikation),pending,yes,,MANDATSNAH_OFFGIT,yes,pending,INVENTORIED
BK-TRESOR-113,offgit_tresor_file,/Users/martinotten/wpno-secure-case-ledgers/s11_control_plane_p0/frozen_qc_artifacts/reports__S11_PS861_006D_ALLOWLIST_RECHECK_STOP.md,(im tresor_tar enthalten),2271,0601acbff21b29b10687458764f3fafa57947fcc68bd04fbb37b746ca64cd0e6,(via tar-restore-verifikation),pending,yes,,MANDATSNAH_OFFGIT,yes,pending,INVENTORIED
BK-TRESOR-114,offgit_tresor_file,/Users/martinotten/wpno-secure-case-ledgers/s11_control_plane_p0/frozen_qc_artifacts/reports__S11_PS861_006D_ALLOWLIST_RECHECK_TEST_QUALITY.csv,(im tresor_tar enthalten),1108,03d877e551adc33e7ec485ab6d75724db46f6770a50337b156493f385895bb1f,(via tar-restore-verifikation),pending,yes,,MANDATSNAH_OFFGIT,yes,pending,INVENTORIED
BK-TRESOR-115,offgit_tresor_file,/Users/martinotten/wpno-secure-case-ledgers/s11_control_plane_p0/frozen_qc_artifacts/reports__S11_PS861_006D_RECHECK_ASSURANCE_COUNCIL_A.csv,(im tresor_tar enthalten),22657,81cde2c74917a6232fd465814312e6cac7bb3799c4ff399384c3bbf165a5efe1,(via tar-restore-verifikation),pending,yes,,MANDATSNAH_OFFGIT,yes,pending,INVENTORIED
BK-TRESOR-116,offgit_tresor_file,/Users/martinotten/wpno-secure-case-ledgers/s11_control_plane_p0/frozen_qc_artifacts/reports__S11_PS861_006D_RECHECK_BREAKER_COUNCIL_B.csv,(im tresor_tar enthalten),35532,f3332df4b813e6be7b39d4a46d6483a7b45c61b517dd3b1c1e6ab5aa7639c1aa,(via tar-restore-verifikation),pending,yes,,MANDATSNAH_OFFGIT,yes,pending,INVENTORIED
BK-TRESOR-TAR,offgit_tresor_archive,/Users/martinotten/wpno-secure-case-ledgers (exkl. p0_backup_restore),/Users/martinotten/wpno-secure-case-ledgers/p0_backup_restore/backup/tresor_20260712T180000Z.tar.gz,30045949,n/a(archiv),ce03609db6fa8ece9c68ce0375b6d6e9eb0d102001a2a8051904bf85efe6b109,archiv,yes,,MANDATSNAH_OFFGIT,yes,pending,CREATED
